{
    "hosts": [
        {
            "id": 1,
            "name": "H01",
            "cpus": {
                "id": 1,
                "name": "intel xeon",
                "clock_speed": 2.10,
                "cores": 16,
                "threads": 32,
                "wattage": 35,
                "amount": 2,
                "benchmarks": {
                    "T_int_add": 3.4,
                    "T_int_mult": 0.4799874,
                    "T_int_gt": 0.2126517,
                    "T_int_neq": 0.4243598,
                    "T_float_add": 0.8340147,
                    "T_float_sub": 0.8194657,
                    "T_float_mult": 0.821529,
                    "T_float_div": 1.9876428,
                    "T_float_gt": 0.2107689,
                    "T_q_push": 14.381785,
                    "T_q_front": 28.52919,
                    "T_q_pop": 24.06002,
                    "T_heap_insert_max": 74.04162,
                    "T_heap_extract_min": 126.36278,
                    "T_heap_decrease_key": 22.02303,
                    "T_push_back": 10.958142,
                    "L1_linesize": 64,
                    "L2_linesize": 64,
                    "L3_linesize": 64,
                    "T_L1_read": 2.513609681995777,
                    "T_L2_read": 5.099514592155088,
                    "T_L3_read": 27.465506112424432,
                    "T_DRAM_read": 66.34084759860137
                }
            }
        }
    ]
}